SoftwareDevelopmentEngineer,Anam, https://www.irishjobs.ie/Jobs/Software-Development-Engineer-8273703.aspx?p=1|application_confirmed
DigitalServicesPrincipalDeveloper,Aer Lingus, https://www.irishjobs.ie/Jobs/Digital-Services-Principal-Developer-8279839.aspx
FullStackDeveloper,Dublin City University, https://www.irishjobs.ie/Jobs/Full-Stack-Developer-8280196.aspx
JuniornetSharePointDeveloper,Spanish Point Technologies, https://www.irishjobs.ie/Jobs/Junior-net-SharePoint-Developer-8269149.aspx
UXDeveloper,Dublin City University, https://www.irishjobs.ie/Jobs/UX-Developer-8280198.aspx
WebProgrammerDeveloper,DFM Systems, https://www.irishjobs.ie/Jobs/Web-Programmer-Developer-8279005.aspx
SeniorFrontendDeveloperRemoteBased,1 Spatial, https://www.irishjobs.ie/Jobs/Senior-Frontend-Developer-Remote-Based-8277812.aspx
CounterpartyCreditRiskFullStackDeveloper,Bank of America Merrill Lynch, https://www.irishjobs.ie/Jobs/Counterparty-Credit-Risk-Full-Stack-8276720.aspx
FullStackJavaDevWestDublinKildare,Deloitte, https://www.irishjobs.ie/Jobs/Full-Stack-Java-Dev-West-8278655.aspx
GraduateQAEngineerSoftwareDeveloperinTest,fire.com, https://www.irishjobs.ie/Jobs/Graduate-QA-Engineer-Software-Developer-8271542.aspx
CNETDeveloper13yearsexperience,Deloitte, https://www.irishjobs.ie/Jobs/CSharp-NET-Developer-1-3-8271187.aspx
MicrosoftNETDeveloper,Version 1, https://www.irishjobs.ie/Jobs/Microsoft-NET-Developer-8277459.aspx
LeadSoftwareEngineer,Saongroup.com, https://www.irishjobs.ie/Jobs/Lead-Software-Engineer-8269265.aspx
CNETDeveloper5yearsexperience,Deloitte, https://www.irishjobs.ie/Jobs/CSharp-NET-Developer-5-years-8271184.aspx
NETSoftwareDeveloper,BearingPoint, https://www.irishjobs.ie/Jobs/NET-Software-Developer-8276433.aspx
LeadNetDeveloper,Cornmarket, https://www.irishjobs.ie/Jobs/Lead-Net-Developer-8280314.aspx
FrontendSoftwareEngineerMessaging,Synchronoss Technologies, https://www.irishjobs.ie/Jobs/Frontend-Software-Engineer-Messaging-8280111.aspx
UXDesigner,Glanbia, https://www.irishjobs.ie/Jobs/UX-Designer-8280253.aspx
MicrosoftTechnicalLeadNETAPI,Deloitte, https://www.irishjobs.ie/Jobs/Microsoft-Technical-Lead-NET-API-8278422.aspx
DevOpsReleaseEngineerNET,BearingPoint, https://www.irishjobs.ie/Jobs/DevOps-Release-Engineer-NET-8278330.aspx
AgileProjectManager,Elavon, https://www.irishjobs.ie/Jobs/Agile-Project-Manager-8276075.aspx
JavaDeveloperRegTech,BearingPoint, https://www.irishjobs.ie/Jobs/Java-Developer-RegTech-8278324.aspx
